{"_id":{"$oid":"5bb6b6936cfa75c4e50bac5e"},"title":"Polo red","price":5500,"size":["XL","L","M","S","XS"],"images":["https://gloimg.samcdn.com/S/pdm-product-pic/Clothing/2016/06/03/source-img/20160603190149_72043.jpg","https://gloimg.samcdn.com/S/pdm-product-pic/Clothing/2016/06/03/thumb-img/1464923952674675109.jpg","https://gloimg.samcdn.com/S/pdm-product-pic/Clothing/2016/06/03/thumb-img/1464923952389433115.jpg","https://gloimg.samcdn.com/S/pdm-product-pic/Clothing/2016/06/03/thumb-img/1464923952939170654.jpg"],"rating":4,"description":"Рубашка поло с длинными рукавами классического стиля. Изготовлена из высокотехнологичного материала, произведённого компанией INVISTA корпорацииDuPont. Отличный выбор для самых взыскательных сторонников карповой ловли. Прекрасно подходит для использования во время длительных рыболовных сессий жарким летом, а так же,  в качестве первого слоя многослойной технологичной(мембранной) экипировки в холодное время года. Особо презентабельный аксессуар Вашего гардероба для торжественный мероприятий карпового сообщества, фотографирования с долгожданным трофеем и на подиуме во время награждения.","tags":["Polos"],"color":["red"]}
{"_id":{"$oid":"5bb6b6936cfa75c4e50bac5f"},"title":"Yellow pant","price":36000,"size":["XS","L"],"images":["https://gloimg.samcdn.com/S/pdm-product-pic/Clothing/2018/07/20/source-img/20180720200455_27922.jpg","https://gloimg.samcdn.com/S/pdm-product-pic/Clothing/2018/07/20/source-img/20180720200455_35871.jpg","https://gloimg.samcdn.com/S/pdm-product-pic/Clothing/2018/07/20/source-img/20180720200455_67554.jpg","https://gloimg.samcdn.com/S/pdm-product-pic/Clothing/2018/07/20/source-img/20180720200455_52289.jpg"],"rating":3,"description":"Блестящий эффект: облегающие джинсы с покрытием под кожу и смещенным вперед боковым швом моделируют прекрасную фигуру и уместны в любой ситуации. Инновационное покрытие поверхности ткани придает этим узким джинсам современный вид и создает сверкающиймодный образ для самых разных случаев. Смещенный вперед боковой шов утонченно подчеркивает невероятно стройный силуэт. Изумительная отделка модели с 4 карманами: декоративная прострочка на кокетке сзади и прорезных карманах, ярлычок MADELEINE-Jeans на фасонном поясе изделия. Декоративная пуговица. Шлевки для ремня. Оптимальная посадка, подчеркивающая достоинства фигуры, достигается благодаря стрейчу в составе. Днем или на вечерних мероприятиях: узкие джинсы с покрытием под кожу демонстрируют, что их обладательница разбирается в модных тенденциях.","tags":["Pants"],"color":["yellow"]}
{"_id":{"$oid":"5bb6b6936cfa75c4e50bac60"},"title":"Blue \u0026 yellow pant","price":6600,"size":["XS","M","L"],"images":["https://gloimg.samcdn.com/S/pdm-product-pic/Clothing/2018/07/25/source-img/20180725172558_32423.jpg","https://gloimg.samcdn.com/S/pdm-product-pic/Clothing/2018/07/25/source-img/20180725172558_38854.jpg","https://gloimg.samcdn.com/S/pdm-product-pic/Clothing/2018/07/25/source-img/20180725172558_59140.jpg"],"rating":3.5,"description":"Командалық дизайнерлік киімдер коллекцияларының жинағы қазіргі заманғы технологияларды және жоғары сапалы тканейді қолдану арқылы әлемдік үрдістерді түсінуге мүмкіндік береді. Элегантные және повседневные модельдер оның коллекциялық киім түрлі типографиялық фигуры әйелдер үйлеседі, көмектеседі подчеркнуть достық пен жасыру несостатки.","tags":["Pants"],"color":["yellow","blue"]}
{"_id":{"$oid":"5bb6b6936cfa75c4e50bac61"},"title":"Dark blue jean","price":20000,"size":["XS","L"],"images":["https://gloimg.samcdn.com/S/pdm-product-pic/Clothing/2018/07/20/source-img/20180720161510_63076.jpg","https://gloimg.samcdn.com/S/pdm-product-pic/Clothing/2018/07/20/source-img/20180720161510_46741.jpg","https://gloimg.samcdn.com/S/pdm-product-pic/Clothing/2018/07/20/source-img/20180720161510_77977.jpg"],"rating":0.5,"description":"Командалық дизайнерлік киімдер коллекцияларының жинағы қазіргі заманғы технологияларды және жоғары сапалы тканейді қолдану арқылы әлемдік үрдістерді түсінуге мүмкіндік береді. Элегантные және повседневные модельдер оның коллекциялық киім түрлі типографиялық фигуры әйелдер үйлеседі, көмектеседі подчеркнуть достық пен жасыру несостатки.","tags":["Pants"],"color":["blue"]}
{"_id":{"$oid":"5bb6b6936cfa75c4e50bac62"},"title":"Blue cotton jacket","price":11000,"size":["XL","XS","M","L"],"images":["https://gloimg.samcdn.com/S/pdm-product-pic/Clothing/2017/10/30/source-img/20171030165524_57809.jpg","https://gloimg.samcdn.com/S/pdm-product-pic/Clothing/2017/10/30/source-img/20171030165524_96044.jpg","https://gloimg.samcdn.com/S/pdm-product-pic/Clothing/2017/10/30/source-img/20171030165524_11220.jpg"],"rating":4.5,"description":"Командалық дизайнерлік киімдер коллекцияларының жинағы қазіргі заманғы технологияларды және жоғары сапалы тканейді қолдану арқылы әлемдік үрдістерді түсінуге мүмкіндік береді. Элегантные және повседневные модельдер оның коллекциялық киім түрлі типографиялық фигуры әйелдер үйлеседі, көмектеседі подчеркнуть достық пен жасыру несостатки.","tags":["Jackets"],"color":["blue","white"]}
{"_id":{"$oid":"5bb6b6936cfa75c4e50bac63"},"title":"Modern art shirt","price":10000,"size":["XL","L","XS"],"images":["https://gloimg.samcdn.com/S/pdm-product-pic/Clothing/2018/08/03/source-img/20180803155617_93798.jpg","https://gloimg.samcdn.com/S/pdm-product-pic/Clothing/2018/08/03/source-img/20180803155617_76669.jpg","https://gloimg.samcdn.com/S/pdm-product-pic/Clothing/2018/08/03/source-img/20180803155617_41853.jpg","https://gloimg.samcdn.com/S/pdm-product-pic/Clothing/2018/08/03/source-img/20180803155616_96061.jpg"],"rating":5,"description":"Командалық дизайнерлік киімдер коллекцияларының жинағы қазіргі заманғы технологияларды және жоғары сапалы тканейді қолдану арқылы әлемдік үрдістерді түсінуге мүмкіндік береді. Элегантные және повседневные модельдер оның коллекциялық киім түрлі типографиялық фигуры әйелдер үйлеседі, көмектеседі подчеркнуть достық пен жасыру несостатки.","tags":["Shirts"],"color":["yellow","blue","purple","green"]}
{"_id":{"$oid":"5bb6b6936cfa75c4e50bac64"},"title":"Black cotton jacket","price":11000,"size":["XL","XS","M","L"],"images":["https://gloimg.samcdn.com/S/pdm-product-pic/Clothing/2018/08/24/source-img/20180824193826_91772.jpg","https://gloimg.samcdn.com/S/pdm-product-pic/Clothing/2018/08/24/source-img/20180824193826_14734.jpg","https://gloimg.samcdn.com/S/pdm-product-pic/Clothing/2018/08/24/source-img/20180824193826_85675.jpg"],"rating":4.5,"description":"Командалық дизайнерлік киімдер коллекцияларының жинағы қазіргі заманғы технологияларды және жоғары сапалы тканейді қолдану арқылы әлемдік үрдістерді түсінуге мүмкіндік береді. Элегантные және повседневные модельдер оның коллекциялық киім түрлі типографиялық фигуры әйелдер үйлеседі, көмектеседі подчеркнуть достық пен жасыру несостатки.","tags":["Jackets"],"color":["black","grey"]}
{"_id":{"$oid":"5bb6b6936cfa75c4e50bac65"},"title":"Blazer black","price":11000,"size":["XL","XS","L"],"images":["https://gloimg.samcdn.com/S/pdm-product-pic/Clothing/2016/07/25/source-img/20160725122041_81042.jpg","https://gloimg.samcdn.com/S/pdm-product-pic/Clothing/2018/08/24/source-img/20180824193826_14734.jpg","https://gloimg.samcdn.com/S/pdm-product-pic/Clothing/2018/08/24/source-img/20180824193826_85675.jpg"],"rating":4.5,"description":"Командалық дизайнерлік киімдер коллекцияларының жинағы қазіргі заманғы технологияларды және жоғары сапалы тканейді қолдану арқылы әлемдік үрдістерді түсінуге мүмкіндік береді. Элегантные және повседневные модельдер оның коллекциялық киім түрлі типографиялық фигуры әйелдер үйлеседі, көмектеседі подчеркнуть достық пен жасыру несостатки.","tags":["Jackets"],"color":["black","grey"]}
{"_id":{"$oid":"5bb6b6936cfa75c4e50bac66"},"title":"Blazer christmas","price":45000,"size":["XL","L","M"],"images":["https://gloimg.samcdn.com/S/pdm-product-pic/Clothing/2017/10/26/source-img/20171026104800_75333.jpg","https://gloimg.samcdn.com/S/pdm-product-pic/Clothing/2017/10/26/source-img/20171026104801_37889.jpg","https://gloimg.samcdn.com/S/pdm-product-pic/Clothing/2017/10/26/source-img/20171026104801_46431.jpg","https://gloimg.samcdn.com/S/pdm-product-pic/Clothing/2017/10/26/source-img/20171026104802_95255.jpg"],"rating":4,"description":"Командалық дизайнерлік киімдер коллекцияларының жинағы қазіргі заманғы технологияларды және жоғары сапалы тканейді қолдану арқылы әлемдік үрдістерді түсінуге мүмкіндік береді. Элегантные және повседневные модельдер оның коллекциялық киім түрлі типографиялық фигуры әйелдер үйлеседі, көмектеседі подчеркнуть достық пен жасыру несостатки.","tags":["Jackets"],"color":["red","grey"]}
{"_id":{"$oid":"5bb6b6936cfa75c4e50bac67"},"title":"Blazer grey","price":6500,"size":["XL","L","XS"],"images":["https://gloimg.samcdn.com/S/pdm-product-pic/Clothing/2016/11/01/source-img/20161101165944_84994.jpg","https://gloimg.samcdn.com/S/pdm-product-pic/Clothing/2016/11/01/source-img/20161101165944_46584.jpg"],"rating":4.5,"description":"Командалық дизайнерлік киімдер коллекцияларының жинағы қазіргі заманғы технологияларды және жоғары сапалы тканейді қолдану арқылы әлемдік үрдістерді түсінуге мүмкіндік береді. Элегантные және повседневные модельдер оның коллекциялық киім түрлі типографиялық фигуры әйелдер үйлеседі, көмектеседі подчеркнуть достық пен жасыру несостатки.","tags":["Jackets"],"color":["black","grey"]}
{"_id":{"$oid":"5bb6b6936cfa75c4e50bac68"},"title":"Blazer party grey","price":32000,"size":["XL","L","M"],"images":["https://gloimg.samcdn.com/S/pdm-product-pic/Clothing/2016/10/13/source-img/20161013153000_23902.jpg","https://gloimg.samcdn.com/S/pdm-product-pic/Clothing/2016/10/13/source-img/20161013153000_46494.jpg","https://gloimg.samcdn.com/S/pdm-product-pic/Clothing/2016/10/13/source-img/20161013153000_83861.jpg","https://gloimg.samcdn.com/S/pdm-product-pic/Clothing/2016/10/13/source-img/20161013153000_27628.jpg"],"rating":4.5,"description":"Командалық дизайнерлік киімдер коллекцияларының жинағы қазіргі заманғы технологияларды және жоғары сапалы тканейді қолдану арқылы әлемдік үрдістерді түсінуге мүмкіндік береді. Элегантные және повседневные модельдер оның коллекциялық киім түрлі типографиялық фигуры әйелдер үйлеседі, көмектеседі подчеркнуть достық пен жасыру несостатки.","tags":["Jackets"],"color":["red","grey"]}
{"_id":{"$oid":"5bb6b6936cfa75c4e50bac69"},"title":"Blue dress","price":6500,"size":["XL","L","M"],"images":["https://gloimg.samcdn.com/S/pdm-product-pic/Clothing/2018/09/07/source-img/20180907195249_56912.jpg","https://gloimg.samcdn.com/S/pdm-product-pic/Clothing/2018/09/07/source-img/20180907195249_48060.jpg","https://gloimg.samcdn.com/S/pdm-product-pic/Clothing/2018/09/07/source-img/20180907195249_65515.jpg"],"rating":4,"description":"Командалық дизайнерлік киімдер коллекцияларының жинағы қазіргі заманғы технологияларды және жоғары сапалы тканейді қолдану арқылы әлемдік үрдістерді түсінуге мүмкіндік береді. Элегантные және повседневные модельдер оның коллекциялық киім түрлі типографиялық фигуры әйелдер үйлеседі, көмектеседі подчеркнуть достық пен жасыру несостатки.","tags":["Dresses"],"color":["blue"]}
{"_id":{"$oid":"5bb6b6936cfa75c4e50bac6a"},"title":"White dress","price":6500,"size":["L","M","XS"],"images":["https://gloimg.samcdn.com/S/pdm-product-pic/Clothing/2018/06/22/source-img/20180622095930_34558.jpg","https://gloimg.samcdn.com/S/pdm-product-pic/Clothing/2018/06/22/source-img/20180622095929_68228.jpg","https://gloimg.samcdn.com/S/pdm-product-pic/Clothing/2018/06/22/source-img/20180622095928_90026.jpg"],"rating":4,"description":"Командалық дизайнерлік киімдер коллекцияларының жинағы қазіргі заманғы технологияларды және жоғары сапалы тканейді қолдану арқылы әлемдік үрдістерді түсінуге мүмкіндік береді. Элегантные және повседневные модельдер оның коллекциялық киім түрлі типографиялық фигуры әйелдер үйлеседі, көмектеседі подчеркнуть достық пен жасыру несостатки.","tags":["Dresses"],"color":["white"]}
{"_id":{"$oid":"5bb6b6936cfa75c4e50bac6b"},"title":"Floral vintage shirt","price":20000,"size":["XL","L","S"],"images":["https://gloimg.samcdn.com/S/pdm-product-pic/Clothing/2016/03/01/source-img/20160301102035_69373.jpg","https://gloimg.samcdn.com/S/pdm-product-pic/Clothing/2016/03/01/source-img/20160301102036_39390.jpg"],"rating":4,"description":"Командалық дизайнерлік киімдер коллекцияларының жинағы қазіргі заманғы технологияларды және жоғары сапалы тканейді қолдану арқылы әлемдік үрдістерді түсінуге мүмкіндік береді. Элегантные және повседневные модельдер оның коллекциялық киім түрлі типографиялық фигуры әйелдер үйлеседі, көмектеседі подчеркнуть достық пен жасыру несостатки.","tags":["Shirts"],"color":["yellow","blue"]}
{"_id":{"$oid":"5bb6b6936cfa75c4e50bac6c"},"title":"Blue dress with flowers","price":6500,"size":["L","M","S"],"images":["https://gloimg.samcdn.com/S/pdm-product-pic/Clothing/2016/10/11/source-img/20161011102927_56464.jpg","https://gloimg.samcdn.com/S/pdm-product-pic/Clothing/2016/10/11/source-img/20161011102927_19276.jpg"],"rating":5,"description":"Командалық дизайнерлік киімдер коллекцияларының жинағы қазіргі заманғы технологияларды және жоғары сапалы тканейді қолдану арқылы әлемдік үрдістерді түсінуге мүмкіндік береді. Элегантные және повседневные модельдер оның коллекциялық киім түрлі типографиялық фигуры әйелдер үйлеседі, көмектеседі подчеркнуть достық пен жасыру несостатки.","tags":["Dresses"],"color":["blue"]}
{"_id":{"$oid":"5bb6b6936cfa75c4e50bac6d"},"title":"Colorful hand print shirt","price":15000,"size":["XL","L","M","S"],"images":["https://gloimg.samcdn.com/S/pdm-product-pic/Clothing/2018/08/16/source-img/20180816184400_55304.jpg","https://gloimg.samcdn.com/S/pdm-product-pic/Clothing/2018/08/16/source-img/20180816184400_99943.jpg","https://gloimg.samcdn.com/S/pdm-product-pic/Clothing/2018/08/16/source-img/20180816184400_73042.jpg","https://gloimg.samcdn.com/S/pdm-product-pic/Clothing/2018/08/16/source-img/20180816184400_34209.jpg","https://gloimg.samcdn.com/S/pdm-product-pic/Clothing/2018/08/16/source-img/20180816184400_99943.jpg"],"rating":5,"description":"Командалық дизайнерлік киімдер коллекцияларының жинағы қазіргі заманғы технологияларды және жоғары сапалы тканейді қолдану арқылы әлемдік үрдістерді түсінуге мүмкіндік береді. Элегантные және повседневные модельдер оның коллекциялық киім түрлі типографиялық фигуры әйелдер үйлеседі, көмектеседі подчеркнуть достық пен жасыру несостатки.","tags":["Shirts"],"color":["yellow","blue","purple","green"]}
{"_id":{"$oid":"5bb6b6936cfa75c4e50bac6e"},"title":"Tribes shirt","price":4000,"size":["XL","L","XS"],"images":["https://gloimg.samcdn.com/S/pdm-product-pic/Clothing/2018/06/27/source-img/20180627112849_31176.jpg","https://gloimg.samcdn.com/S/pdm-product-pic/Clothing/2018/06/27/source-img/20180627112849_82331.jpg","https://gloimg.samcdn.com/S/pdm-product-pic/Clothing/2018/06/27/source-img/20180627112849_81982.jpg"],"rating":2.5,"description":"Командалық дизайнерлік киімдер коллекцияларының жинағы қазіргі заманғы технологияларды және жоғары сапалы тканейді қолдану арқылы әлемдік үрдістерді түсінуге мүмкіндік береді. Элегантные және повседневные модельдер оның коллекциялық киім түрлі типографиялық фигуры әйелдер үйлеседі, көмектеседі подчеркнуть достық пен жасыру несостатки.","tags":["Shirts"],"color":["yellow","blue","purple","green"]}
{"_id":{"$oid":"5bb6b6936cfa75c4e50bac6f"},"title":"Cardigan pink","price":30000,"size":["XL","L","M"],"images":["https://gloimg.samcdn.com/S/pdm-product-pic/Clothing/2017/11/13/source-img/20171113182300_14554.jpg","https://gloimg.samcdn.com/S/pdm-product-pic/Clothing/2017/11/13/source-img/20171113182300_89627.jpg","https://gloimg.samcdn.com/S/pdm-product-pic/Clothing/2017/11/13/source-img/20171113182300_77800.jpg"],"rating":3.5,"description":"Командалық дизайнерлік киімдер коллекцияларының жинағы қазіргі заманғы технологияларды және жоғары сапалы тканейді қолдану арқылы әлемдік үрдістерді түсінуге мүмкіндік береді. Элегантные және повседневные модельдер оның коллекциялық киім түрлі типографиялық фигуры әйелдер үйлеседі, көмектеседі подчеркнуть достық пен жасыру несостатки.","tags":["Cardigans"],"color":["pink","white","grey"]}
{"_id":{"$oid":"5bb6b6936cfa75c4e50bac70"},"title":"Brown top","price":6000,"size":["XL","M","XS"],"images":["https://gloimg.samcdn.com/S/pdm-product-pic/Clothing/2017/05/26/source-img/20170526120731_41451.jpg","https://gloimg.samcdn.com/S/pdm-product-pic/Clothing/2017/05/26/source-img/20170526120731_84333.jpg","https://gloimg.samcdn.com/S/pdm-product-pic/Clothing/2017/05/26/source-img/20170526120731_18788.jpg"],"rating":4.5,"description":"Командалық дизайнерлік киімдер коллекцияларының жинағы қазіргі заманғы технологияларды және жоғары сапалы тканейді қолдану арқылы әлемдік үрдістерді түсінуге мүмкіндік береді. Элегантные және повседневные модельдер оның коллекциялық киім түрлі типографиялық фигуры әйелдер үйлеседі, көмектеседі подчеркнуть достық пен жасыру несостатки.","tags":["Tops"],"color":["brown","grey"]}
{"_id":{"$oid":"5bb6b6936cfa75c4e50bac71"},"title":"Black top","price":4000,"size":["XL","M","XS"],"images":["https://gloimg.samcdn.com/S/pdm-product-pic/Clothing/2016/07/08/source-img/20160708084843_14121.jpg","https://gloimg.samcdn.com/S/pdm-product-pic/Clothing/2016/07/08/source-img/20160708084843_27096.jpg","https://gloimg.samcdn.com/S/pdm-product-pic/Clothing/2016/07/08/source-img/20160708084843_64057.jpg"],"rating":4.5,"description":"Командалық дизайнерлік киімдер коллекцияларының жинағы қазіргі заманғы технологияларды және жоғары сапалы тканейді қолдану арқылы әлемдік үрдістерді түсінуге мүмкіндік береді. Элегантные және повседневные модельдер оның коллекциялық киім түрлі типографиялық фигуры әйелдер үйлеседі, көмектеседі подчеркнуть достық пен жасыру несостатки.","tags":["Tops"],"color":["black"]}
{"_id":{"$oid":"5bb6b6936cfa75c4e50bac72"},"title":"Orange top","price":5500,"size":["XL","M","S"],"images":["https://gloimg.samcdn.com/S/pdm-product-pic/Clothing/2016/07/05/source-img/20160705154419_68755.jpg","https://gloimg.samcdn.com/S/pdm-product-pic/Clothing/2016/07/05/source-img/20160705154419_63189.jpg","https://gloimg.samcdn.com/S/pdm-product-pic/Clothing/2016/07/05/source-img/20160705154419_24527.jpg"],"rating":4.5,"description":"Командалық дизайнерлік киімдер коллекцияларының жинағы қазіргі заманғы технологияларды және жоғары сапалы тканейді қолдану арқылы әлемдік үрдістерді түсінуге мүмкіндік береді. Элегантные және повседневные модельдер оның коллекциялық киім түрлі типографиялық фигуры әйелдер үйлеседі, көмектеседі подчеркнуть достық пен жасыру несостатки.","tags":["Tops"],"color":["orange","white"]}
{"_id":{"$oid":"5bb6b6936cfa75c4e50bac73"},"title":"Cute black top","price":5000,"size":["L","M","S"],"images":["https://gloimg.samcdn.com/S/pdm-product-pic/Clothing/2016/06/03/source-img/20160603103648_45209.JPG","https://gloimg.samcdn.com/S/pdm-product-pic/Clothing/2016/06/03/source-img/20160603103649_24529.JPG","https://gloimg.samcdn.com/S/pdm-product-pic/Clothing/2016/06/03/source-img/20160603103649_41517.JPG"],"rating":4.5,"description":"Командалық дизайнерлік киімдер коллекцияларының жинағы қазіргі заманғы технологияларды және жоғары сапалы тканейді қолдану арқылы әлемдік үрдістерді түсінуге мүмкіндік береді. Элегантные және повседневные модельдер оның коллекциялық киім түрлі типографиялық фигуры әйелдер үйлеседі, көмектеседі подчеркнуть достық пен жасыру несостатки.","tags":["Tops"],"color":["black"]}
{"_id":{"$oid":"5bb6b6936cfa75c4e50bac74"},"title":"Top blue","price":10000,"size":["L","M","S"],"images":["https://gloimg.samcdn.com/S/pdm-product-pic/Clothing/2016/05/31/source-img/20160531102830_15250.jpg","https://gloimg.samcdn.com/S/pdm-product-pic/Clothing/2016/05/31/source-img/20160531102828_81224.jpg","https://gloimg.samcdn.com/S/pdm-product-pic/Clothing/2016/05/31/source-img/20160531102829_59276.jpg"],"rating":4,"description":"Командалық дизайнерлік киімдер коллекцияларының жинағы қазіргі заманғы технологияларды және жоғары сапалы тканейді қолдану арқылы әлемдік үрдістерді түсінуге мүмкіндік береді. Элегантные және повседневные модельдер оның коллекциялық киім түрлі типографиялық фигуры әйелдер үйлеседі, көмектеседі подчеркнуть достық пен жасыру несостатки.","tags":["Tops"],"color":["blue"]}
{"_id":{"$oid":"5bb6b6936cfa75c4e50bac75"},"title":"Cardigan retro pattern","price":25000,"size":["XL","L","M","S","XS"],"images":["https://gloimg.samcdn.com/S/pdm-product-pic/Clothing/2018/08/15/source-img/20180815162429_82406.jpg","https://gloimg.samcdn.com/S/pdm-product-pic/Clothing/2018/08/15/source-img/20180815162429_52228.jpg","https://gloimg.samcdn.com/S/pdm-product-pic/Clothing/2018/08/15/source-img/20180815162429_11223.jpg"],"rating":3.5,"description":"Командалық дизайнерлік киімдер коллекцияларының жинағы қазіргі заманғы технологияларды және жоғары сапалы тканейді қолдану арқылы әлемдік үрдістерді түсінуге мүмкіндік береді. Элегантные және повседневные модельдер оның коллекциялық киім түрлі типографиялық фигуры әйелдер үйлеседі, көмектеседі подчеркнуть достық пен жасыру несостатки.","tags":["Cardigans"],"color":["grey","white"]}
{"_id":{"$oid":"5bb6b6936cfa75c4e50bac76"},"title":"Trench coat yellow","price":3000,"size":["XL","L","M","S","XS"],"images":["https://gloimg.samcdn.com/S/pdm-product-pic/Clothing/2018/09/25/source-img/20180925115448_33510.jpg","https://gloimg.samcdn.com/S/pdm-product-pic/Clothing/2018/09/25/source-img/20180925115448_26493.jpg","https://gloimg.samcdn.com/S/pdm-product-pic/Clothing/2018/09/25/source-img/20180925115448_99655.jpg"],"rating":4,"description":"Командалық дизайнерлік киімдер коллекцияларының жинағы қазіргі заманғы технологияларды және жоғары сапалы тканейді қолдану арқылы әлемдік үрдістерді түсінуге мүмкіндік береді. Элегантные және повседневные модельдер оның коллекциялық киім түрлі типографиялық фигуры әйелдер үйлеседі, көмектеседі подчеркнуть достық пен жасыру несостатки.","tags":["Trench Coats"],"color":["yellow"]}
{"_id":{"$oid":"5bb6b6936cfa75c4e50bac77"},"title":"Belted coat","price":25000,"size":["XL","L","M","S","XS"],"images":["https://gloimg.samcdn.com/S/pdm-product-pic/Clothing/2016/09/20/source-img/20160920110358_99584.jpg","https://gloimg.samcdn.com/S/pdm-product-pic/Clothing/2016/09/20/source-img/20160920110358_75582.jpg","https://gloimg.samcdn.com/S/pdm-product-pic/Clothing/2016/09/20/source-img/20160920110358_99584.jpg"],"rating":4,"description":"Командалық дизайнерлік киімдер коллекцияларының жинағы қазіргі заманғы технологияларды және жоғары сапалы тканейді қолдану арқылы әлемдік үрдістерді түсінуге мүмкіндік береді. Элегантные және повседневные модельдер оның коллекциялық киім түрлі типографиялық фигуры әйелдер үйлеседі, көмектеседі подчеркнуть достық пен жасыру несостатки.","tags":["Trench Coats"],"color":["yellow"]}
{"_id":{"$oid":"5bb6b6936cfa75c4e50bac78"},"title":"Trench coat blue","price":50000,"size":["L","M","S"],"images":["https://gloimg.samcdn.com/S/pdm-product-pic/Clothing/2016/09/19/source-img/20160919113634_48148.jpg","https://gloimg.samcdn.com/S/pdm-product-pic/Clothing/2016/09/19/source-img/20160919113636_70885.JPG","https://gloimg.samcdn.com/S/pdm-product-pic/Clothing/2016/09/19/source-img/20160919113636_17032.JPG"],"rating":4,"description":"Командалық дизайнерлік киімдер коллекцияларының жинағы қазіргі заманғы технологияларды және жоғары сапалы тканейді қолдану арқылы әлемдік үрдістерді түсінуге мүмкіндік береді. Элегантные және повседневные модельдер оның коллекциялық киім түрлі типографиялық фигуры әйелдер үйлеседі, көмектеседі подчеркнуть достық пен жасыру несостатки.","tags":["Trench Coats"],"color":["blue"]}
{"_id":{"$oid":"5bb6b6936cfa75c4e50bac79"},"title":"Cardigan geometric pattern","price":25000,"size":["XL","L","M"],"images":["https://gloimg.samcdn.com/S/pdm-product-pic/Clothing/2016/07/26/source-img/20160726172732_94059.jpg","https://gloimg.samcdn.com/S/pdm-product-pic/Clothing/2016/07/26/source-img/20160726172734_10558.JPG","https://gloimg.samcdn.com/S/pdm-product-pic/Clothing/2016/07/26/source-img/20160726172737_31992.JPG"],"rating":3.5,"description":"Командалық дизайнерлік киімдер коллекцияларының жинағы қазіргі заманғы технологияларды және жоғары сапалы тканейді қолдану арқылы әлемдік үрдістерді түсінуге мүмкіндік береді. Элегантные және повседневные модельдер оның коллекциялық киім түрлі типографиялық фигуры әйелдер үйлеседі, көмектеседі подчеркнуть достық пен жасыру несостатки.","tags":["Cardigans"],"color":["blue","orange","grey","brown","white"]}
{"_id":{"$oid":"5bb6b6936cfa75c4e50bac7a"},"title":"Two tone coat","price":6000,"size":["XL","L","S","XS"],"images":["https://gloimg.samcdn.com/S/pdm-product-pic/Clothing/2016/10/12/source-img/20161012115126_54688.jpg","https://gloimg.samcdn.com/S/pdm-product-pic/Clothing/2016/10/12/source-img/20161012115126_35399.jpg","https://gloimg.samcdn.com/S/pdm-product-pic/Clothing/2016/10/12/source-img/20161012115126_56750.jpg"],"rating":5,"description":"Командалық дизайнерлік киімдер коллекцияларының жинағы қазіргі заманғы технологияларды және жоғары сапалы тканейді қолдану арқылы әлемдік үрдістерді түсінуге мүмкіндік береді. Элегантные және повседневные модельдер оның коллекциялық киім түрлі типографиялық фигуры әйелдер үйлеседі, көмектеседі подчеркнуть достық пен жасыру несостатки.","tags":["Trench Coats"],"color":["yellow"]}
{"_id":{"$oid":"5bb6b6936cfa75c4e50bac7b"},"title":"Cardigan vintage","price":35000,"size":["XL","L","M","S","XS"],"images":["https://gloimg.samcdn.com/S/pdm-product-pic/Clothing/2017/10/26/source-img/20171026172224_49873.jpg","https://gloimg.samcdn.com/S/pdm-product-pic/Clothing/2017/10/26/source-img/20171026172224_24309.jpg","https://gloimg.samcdn.com/S/pdm-product-pic/Clothing/2017/10/26/source-img/20171026172224_99399.jpg"],"rating":3.5,"description":"Командалық дизайнерлік киімдер коллекцияларының жинағы қазіргі заманғы технологияларды және жоғары сапалы тканейді қолдану арқылы әлемдік үрдістерді түсінуге мүмкіндік береді. Элегантные және повседневные модельдер оның коллекциялық киім түрлі типографиялық фигуры әйелдер үйлеседі, көмектеседі подчеркнуть достық пен жасыру несостатки.","tags":["Cardigans"],"color":["grey","white"]}
{"_id":{"$oid":"5bb6b6936cfa75c4e50bac7c"},"title":"Cardigan","price":6500,"size":["XL","L","M","S"],"images":["https://gloimg.samcdn.com/S/pdm-product-pic/Clothing/2017/09/18/source-img/20170918122338_77829.jpg","https://gloimg.samcdn.com/S/pdm-product-pic/Clothing/2017/09/18/source-img/20170918122338_12037.jpg","https://gloimg.samcdn.com/S/pdm-product-pic/Clothing/2017/09/18/source-img/20170918122338_83261.jpg","https://gloimg.samcdn.com/S/pdm-product-pic/Clothing/2017/09/18/source-img/20170918122338_57687.jpg"],"rating":3.5,"description":"Командалық дизайнерлік киімдер коллекцияларының жинағы қазіргі заманғы технологияларды және жоғары сапалы тканейді қолдану арқылы әлемдік үрдістерді түсінуге мүмкіндік береді. Элегантные және повседневные модельдер оның коллекциялық киім түрлі типографиялық фигуры әйелдер үйлеседі, көмектеседі подчеркнуть достық пен жасыру несостатки.","tags":["Cardigans"],"color":["blue","white"]}
{"_id":{"$oid":"5bb6b6936cfa75c4e50bac7d"},"title":"Pineapple shirt","price":9000,"size":["XL","L","M"],"images":["https://gloimg.samcdn.com/S/pdm-product-pic/Clothing/2018/03/14/source-img/20180314181736_64374.jpg","https://gloimg.samcdn.com/S/pdm-product-pic/Clothing/2018/03/14/source-img/20180314181736_96144.jpg","https://gloimg.samcdn.com/S/pdm-product-pic/Clothing/2018/03/14/source-img/20180314181736_72768.jpg","https://gloimg.samcdn.com/S/pdm-product-pic/Clothing/2018/03/14/source-img/20180314181736_88640.jpg"],"rating":5,"description":"Командалық дизайнерлік киімдер коллекцияларының жинағы қазіргі заманғы технологияларды және жоғары сапалы тканейді қолдану арқылы әлемдік үрдістерді түсінуге мүмкіндік береді. Элегантные және повседневные модельдер оның коллекциялық киім түрлі типографиялық фигуры әйелдер үйлеседі, көмектеседі подчеркнуть достық пен жасыру несостатки.","tags":["Shirts"],"color":["yellow","blue","brown","green"]}
{"_id":{"$oid":"5bb6b6936cfa75c4e50bac7e"},"title":"Paint rainbow shirt","price":25000,"size":["XS"],"images":["https://gloimg.samcdn.com/S/pdm-product-pic/Clothing/2018/09/07/source-img/20180907171700_93113.jpg","https://gloimg.samcdn.com/S/pdm-product-pic/Clothing/2018/09/07/source-img/20180907171659_57045.png","https://gloimg.samcdn.com/S/pdm-product-pic/Clothing/2018/08/07/source-img/20180807145503_75992.jpg","https://gloimg.samcdn.com/S/pdm-product-pic/Clothing/2018/08/07/source-img/20180807145503_18112.jpg"],"rating":5,"description":"Командалық дизайнерлік киімдер коллекцияларының жинағы қазіргі заманғы технологияларды және жоғары сапалы тканейді қолдану арқылы әлемдік үрдістерді түсінуге мүмкіндік береді. Элегантные және повседневные модельдер оның коллекциялық киім түрлі типографиялық фигуры әйелдер үйлеседі, көмектеседі подчеркнуть достық пен жасыру несостатки.","tags":["Shirts"],"color":["yellow","blue","brown","green","purple","orange","red"]}
{"_id":{"$oid":"5bc814bee7179a4377fdda4b"},"title":"Polo grey","price":35000,"size":["XL","L","M","S","XS"],"images":["https://gloimg.samcdn.com/S/pdm-product-pic/Clothing/2016/05/03/source-img/20160503113122_29069.jpg","https://gloimg.samcdn.com/S/pdm-product-pic/Clothing/2016/05/03/source-img/20160503113122_44873.jpg","https://gloimg.samcdn.com/S/pdm-product-pic/Clothing/2016/05/03/source-img/20160503113122_29686.jpg"],"rating":4,"description":"Командалық дизайнерлік киімдер коллекцияларының жинағы қазіргі заманғы технологияларды және жоғары сапалы тканейді қолдану арқылы әлемдік үрдістерді түсінуге мүмкіндік береді. Элегантные және повседневные модельдер оның коллекциялық киім түрлі типографиялық фигуры әйелдер үйлеседі, көмектеседі подчеркнуть достық пен жасыру несостатки.","tags":["Polos"],"color":["red","grey","blue"]}
